is_wet_race,roc_auc,brier,n
Dry,0.9565859092174881,0.08157261461019516,379
Wet,0.9328,0.1016630008816719,100
