season_stage,roc_auc,brier,n
2,0.99,0.05873977020382881,20
1,0.959375,0.07888571918010712,160
0,0.9486800894854586,0.09125688672065735,299
