mean_predicted,fraction_positive
0.0373534800113506,0.006756756756756757
0.1413375878563294,0.1794871794871795
0.2408336331801755,0.21428571428571427
0.3508308596081204,0.5185185185185185
0.4439378082752228,0.8333333333333334
0.5200194418430328,0.5714285714285714
0.6538287401199341,0.8333333333333334
0.7380339682102204,0.75
0.8586179588703399,0.8936170212765957
0.9451272049636552,0.9621212121212122
